City,Cloudiness,Country,Date,Humidity,Lat,Lng,Max Temp,Wind Speed
Airai,100,TL,1581475631,72,-8.93,125.41,78.37,4.09
Hasaki,20,JP,1581475631,46,35.73,140.83,55.0,8.05
Zhigansk,100,RU,1581475632,94,66.77,123.37,-14.42,11.54
Bredasdorp,1,ZA,1581475632,82,-34.53,20.04,68.0,12.75
Puerto Ayora,68,EC,1581475632,82,-0.74,-90.35,78.64,4.47
East London,70,ZA,1581475464,81,-33.02,27.91,69.85,13.0
New Norfolk,75,AU,1581475632,77,-42.78,147.06,70.0,13.87
Verkh-Usugli,0,RU,1581475632,47,52.7,115.17,12.13,4.85
Rikitea,100,PF,1581475633,80,-23.12,-134.97,78.96,20.56
Severo-Kuril'sk,76,RU,1581475633,87,50.68,156.12,22.66,16.4
Kaitangata,100,NZ,1581475633,57,-46.28,169.85,73.99,1.01
Saint-Augustin,100,CA,1581475633,97,51.23,-58.65,14.97,3.09
Pakokku,0,MM,1581475633,41,21.33,95.1,74.23,7.14
Dingzhou,0,CN,1581475633,60,38.51,115.0,41.0,2.24
Hermanus,0,ZA,1581475633,89,-34.42,19.23,71.01,8.01
Necochea,0,AR,1581475339,91,-38.55,-58.74,63.0,7.0
Bilma,33,NE,1581475634,26,18.69,12.92,54.99,4.14
Hithadhoo,62,MV,1581475634,74,-0.6,73.08,83.08,18.07
Okhotsk,100,RU,1581475634,92,59.38,143.3,0.82,0.63
Cidreira,15,BR,1581475634,75,-30.18,-50.21,73.17,20.62
Port Lincoln,100,AU,1581475634,65,-34.73,135.87,68.14,11.61
Kampot,40,KH,1581475635,66,10.62,104.18,84.2,11.41
Vestmannaeyjar,0,IS,1581475635,65,63.44,-20.27,26.98,18.95
Eirunepe,100,BR,1581475635,96,-6.66,-69.87,73.94,1.07
Mataura,78,NZ,1581475635,79,-46.19,168.86,62.01,8.01
Hegang,64,CN,1581475635,95,47.4,130.37,31.1,1.25
Vardo,22,NO,1581475635,79,70.37,31.11,31.53,19.62
Esperance,90,AU,1581475636,72,-33.87,121.9,68.0,8.05
Cape Town,0,ZA,1581475636,82,-33.93,18.42,71.01,1.12
Yellowknife,5,CA,1581475636,73,62.46,-114.35,-34.01,3.36
Pevek,0,RU,1581475636,67,69.7,170.31,-8.68,5.06
Forbes,0,AU,1581475636,41,-33.38,148.02,90.0,1.01
Busselton,100,AU,1581475637,28,-33.65,115.33,91.0,6.89
San Patricio,5,MX,1581475637,73,19.22,-104.7,77.0,11.41
Dabakala,64,CI,1581475637,15,8.37,-4.43,75.51,6.46
Codrington,100,AU,1581475637,92,-38.27,141.97,63.36,22.37
Butaritari,81,KI,1581475637,83,3.07,172.79,82.08,16.44
Pipri,40,IN,1581475637,77,19.8,75.53,68.0,3.36
Castro,84,BR,1581475638,96,-24.79,-50.01,58.42,8.01
Punta Arenas,90,CL,1581475638,81,-53.15,-70.92,51.8,16.11
Buala,95,SB,1581475638,80,-8.14,159.59,83.26,10.92
Kununurra,100,AU,1581475638,66,-15.77,128.73,86.0,5.82
Albany,90,US,1581475590,74,42.6,-73.97,36.0,8.05
Kodiak,90,US,1581475639,95,57.79,-152.41,32.0,21.92
Hohhot,0,CN,1581475639,55,40.81,111.65,33.8,2.24
Chui,5,UY,1581475639,83,-33.7,-53.46,65.34,9.71
Kapaa,75,US,1581475639,88,22.08,-159.32,71.6,18.34
Bathsheba,75,BB,1581475639,78,13.22,-59.52,78.8,21.92
Ponta do Sol,75,PT,1581475639,82,32.67,-17.1,62.6,2.24
Ushuaia,75,AR,1581475525,71,-54.8,-68.3,53.6,8.05
Nanning,90,CN,1581475700,93,22.82,108.32,66.2,2.24
College,1,US,1581475700,83,64.86,-147.8,-9.0,4.81
Mahebourg,40,MU,1581475700,94,-20.41,57.7,80.01,11.41
Norman Wells,75,CA,1581475700,83,65.28,-126.83,-9.4,2.24
Hobart,75,AU,1581475652,77,-42.88,147.33,70.0,13.87
Marsh Harbour,36,BS,1581475700,89,26.54,-77.06,74.91,11.23
Henties Bay,0,NA,1581475701,84,-22.12,14.28,66.0,3.0
Moyale,0,KE,1581475701,49,3.52,39.06,75.74,4.7
Ostrovnoy,100,RU,1581475701,86,68.05,39.51,30.99,28.72
Port Elizabeth,0,ZA,1581475701,88,-33.92,25.57,68.0,10.29
Vysokogornyy,100,RU,1581475701,92,50.12,139.15,25.11,3.42
Mwingi,10,KE,1581475701,71,-0.93,38.06,66.13,0.16
Ribeira Grande,58,PT,1581475702,89,38.52,-28.7,57.88,11.81
Barrow,1,US,1581475702,67,71.29,-156.79,-25.6,6.93
Ust'-Donetskiy,100,RU,1581475702,82,47.64,40.87,27.03,16.78
Gallup,90,US,1581475702,80,35.53,-108.74,30.2,3.36
Vaini,75,TO,1581475702,88,-21.2,-175.2,80.6,8.05
Zeya,100,RU,1581475702,91,53.75,127.27,9.7,3.91
Port Alfred,14,ZA,1581475703,93,-33.59,26.89,64.99,16.22
Narsaq,2,GL,1581475703,38,60.92,-46.05,5.0,11.41
Sattahip,20,TH,1581475493,70,12.67,100.9,91.99,2.24
Bloemhof,0,ZA,1581475704,85,-27.65,25.61,60.37,6.46
Arraial do Cabo,100,BR,1581475704,78,-22.97,-42.03,76.15,11.1
Caxito,75,AO,1581475704,83,-8.58,13.66,80.6,4.7
Saint-Philippe,58,RE,1581475704,94,-21.36,55.77,78.8,6.93
Rimbey,90,CA,1581475704,92,52.63,-114.24,21.2,21.92
Atuona,1,PF,1581475705,78,-9.8,-139.03,81.68,15.79
Sept-Iles,90,CA,1581475705,85,50.2,-66.38,23.0,8.05
Eureka,1,US,1581475705,76,40.8,-124.16,55.4,18.34
Ketchikan,20,US,1581475705,86,55.34,-131.65,41.0,9.17
Inverell,1,AU,1581475705,58,-29.78,151.12,87.01,4.0
Luderitz,100,NA,1581475705,93,-26.65,15.16,64.4,11.41
Hurghada,0,EG,1581475651,57,27.26,33.81,50.0,3.36
Damghan,0,IR,1581475706,52,36.17,54.35,25.63,5.37
Qaanaaq,0,GL,1581475706,62,77.48,-69.36,-19.1,6.82
Khao Yoi,20,TH,1581475706,58,13.24,99.82,102.0,3.36
Isangel,75,VU,1581475706,83,-19.55,169.27,84.2,9.17
Provideniya,90,RU,1581475706,91,64.38,-173.3,1.4,15.66
Shimoda,75,JP,1581475707,58,34.67,138.95,61.0,11.41
Bluff,98,NZ,1581475707,79,-46.6,168.33,62.01,8.01
Udangudi,40,IN,1581475707,83,8.43,78.02,77.0,16.46
Hilo,90,US,1581475707,78,19.73,-155.09,71.6,13.87
Corinth,20,GR,1581475707,76,37.94,22.96,57.2,9.13
George Town,20,MY,1581475524,74,5.41,100.34,86.0,5.82
Czarnkow,75,PL,1581475708,69,52.9,16.56,39.0,14.99
Morant Bay,20,JM,1581475708,69,17.88,-76.41,80.6,18.34
Verkhnevilyuysk,100,RU,1581475708,96,63.45,120.32,-12.19,6.22
Raudeberg,100,NO,1581475708,95,61.99,5.14,36.0,16.84
Chicama,75,PE,1581475708,88,-7.84,-79.15,71.6,10.29
Coroico,75,BO,1581475708,93,-16.19,-67.73,46.4,6.93
Chengde,0,CN,1581475709,51,40.97,117.94,40.77,2.04
Kukuna,33,SL,1581475769,92,9.4,-12.67,69.73,1.97
Hay River,40,CA,1581475499,73,60.82,-115.8,-31.0,2.24
Jamestown,90,US,1581475637,80,42.1,-79.24,34.0,13.87
Sturgeon Falls,90,CA,1581475479,92,46.36,-79.93,27.0,10.29
Ulladulla,75,AU,1581475770,100,-35.35,150.47,73.4,11.41
Ayia Marina,20,GR,1581475770,76,37.75,23.53,57.99,8.59
Nemuro,20,JP,1581475770,81,43.32,145.57,32.0,12.75
Batsfjord,36,NO,1581475770,90,70.63,29.72,23.63,17.25
Vila Velha,90,BR,1581475770,94,-20.33,-40.29,73.99,6.93
Doha,0,QA,1581475770,65,25.29,51.53,52.0,16.11
Almaznyy,40,RU,1581475771,85,48.04,40.05,24.8,17.9
Blythe,1,US,1581475771,24,33.61,-114.6,57.2,6.93
Harper,93,LR,1581475771,90,4.38,-7.72,75.96,2.48
Chimore,100,BO,1581475771,98,-16.98,-65.13,72.23,0.4
Bengkulu,99,ID,1581475771,70,-3.8,102.27,82.65,1.81
Mehamn,92,NO,1581475771,85,71.04,27.85,31.82,27.81
Muhafazat Lahij,100,YE,1581475771,87,13.17,44.58,71.17,10.96
Mattru,40,SL,1581475772,82,7.62,-11.83,77.2,3.06
Leningradskiy,0,RU,1581475772,93,69.38,178.42,-20.88,10.78
Tiksi,100,RU,1581475772,90,71.69,128.87,-20.97,2.64
Meulaboh,14,ID,1581475772,79,4.14,96.13,81.68,7.52
Pisco,100,PE,1581475772,83,-13.7,-76.22,71.01,10.29
Tongliao,48,CN,1581475773,69,43.61,122.27,40.15,9.86
Grindavik,75,IS,1581475773,79,63.84,-22.43,23.0,6.93
Tasiilaq,100,GL,1581475773,85,65.61,-37.64,23.0,16.11
Lensk,100,RU,1581475773,93,60.73,114.93,-13.68,9.19
Tura,0,IN,1581475773,43,25.52,90.22,67.89,3.65
Labuhan,100,ID,1581475773,77,-6.88,112.21,83.25,2.06
Chokurdakh,29,RU,1581475773,67,70.63,147.92,-26.21,0.49
Bosobolo,0,CD,1581475774,33,4.18,19.9,66.69,4.32
Kahului,40,US,1581475577,64,20.89,-156.47,75.2,12.75
Klaksvik,13,FO,1581475774,74,62.23,-6.59,33.8,11.41
Faya,20,SA,1581475774,66,18.39,42.45,48.2,4.7
Laguna,1,US,1581475774,60,38.42,-121.42,64.4,5.46
Tuatapere,100,NZ,1581475775,79,-46.13,167.68,62.01,8.01
Noumea,56,NC,1581475775,62,-22.28,166.46,87.8,12.75
Thompson,5,CA,1581475576,60,55.74,-97.86,-25.6,8.05
Geraldton,0,AU,1581475775,45,-28.77,114.6,87.8,10.29
Ilulissat,63,GL,1581475775,53,69.22,-51.1,-2.2,1.12
Daru,100,PG,1581475775,70,-9.08,143.21,85.91,8.95
Lebu,0,CL,1581475776,92,-37.62,-73.65,57.16,3.89
Maceio,20,BR,1581475776,83,-9.67,-35.74,77.0,3.36
Bambous Virieux,40,MU,1581475776,94,-20.34,57.76,80.01,11.41
Ruzhyn,98,UA,1581475776,96,49.72,29.2,32.77,18.57
Longyearbyen,20,SJ,1581475776,60,78.22,15.64,8.6,17.22
Pangody,100,RU,1581475776,96,65.85,74.49,9.25,12.12
Lavrentiya,100,RU,1581475776,94,65.58,-171.0,-5.13,9.66
La Ronge,20,CA,1581475777,56,55.1,-105.28,-14.8,12.75
Camara de Lobos,75,PT,1581475777,82,32.63,-16.97,62.6,2.24
Sitka,90,US,1581475777,69,57.05,-135.33,39.2,5.82
Bambanglipuro,61,ID,1581475777,66,-7.95,110.28,84.83,4.83
Nanortalik,95,GL,1581475838,59,60.14,-45.24,16.11,16.51
Santiago,11,CL,1581475838,60,-33.46,-70.65,70.0,10.29
Oued Meliz,0,TN,1581475838,75,36.47,8.55,46.4,4.7
Rocha,0,UY,1581475838,95,-34.48,-54.33,58.5,3.04
Rurrenabaque,97,BO,1581475838,98,-14.44,-67.53,71.96,1.36
Kamenka,100,RU,1581475838,87,51.32,42.77,19.0,15.01
Tuktoyaktuk,20,CA,1581475839,74,69.45,-133.04,-27.4,11.41
Lagoa,33,PT,1581475839,79,39.05,-27.98,62.15,17.45
Smiltene,96,LV,1581475839,96,57.42,25.9,33.01,1.99
Coquimbo,90,CL,1581475839,88,-29.95,-71.34,62.6,4.7
Les Escoumins,100,CA,1581475839,94,48.11,-69.02,20.62,5.1
Alugan,20,PH,1581475839,83,12.22,125.48,78.71,15.05
Avarua,99,CK,1581475839,78,-21.21,-159.78,82.4,12.75
San Andres,20,CO,1581475587,74,12.58,-81.7,82.4,13.87
Paamiut,99,GL,1581475840,81,61.99,-49.67,3.92,12.53
Homer,90,US,1581475840,73,59.64,-151.55,24.8,5.82
Thinadhoo,40,MV,1581475840,74,0.53,72.93,82.98,17.65
Alofi,100,NU,1581475840,82,-19.06,-169.92,81.1,13.71
San Rafael,6,AR,1581475840,48,-34.62,-68.33,72.14,18.92
Sarwar,40,IN,1581475840,35,26.07,75.0,59.05,4.97
Carnarvon,40,AU,1581475841,74,-24.87,113.63,78.8,10.29
Upernavik,100,GL,1581475841,75,72.79,-56.15,-8.54,2.26
Severomuysk,85,RU,1581475841,87,56.15,113.43,-7.1,4.81
Yulara,0,AU,1581475841,13,-25.24,130.99,100.4,13.87
Saint George,1,US,1581475841,38,37.1,-113.58,46.4,3.36
Voyvozh,100,RU,1581475842,89,62.89,54.96,20.98,12.06
Havre-Saint-Pierre,90,CA,1581475842,92,50.23,-63.6,19.4,4.7
Saint-Joseph,0,RE,1581475842,94,-21.37,55.62,78.8,6.93
Baft,0,IR,1581475842,35,29.23,56.61,32.04,3.98
Khatanga,0,RU,1581475842,92,71.97,102.5,-22.0,5.75
Lingao,0,CN,1581475842,81,19.91,109.69,72.18,5.37
Talnakh,40,RU,1581475842,84,69.49,88.4,3.2,31.32
Half Moon Bay,5,US,1581475843,23,37.46,-122.43,66.2,4.09
Vallenar,80,CL,1581475843,91,-28.57,-70.76,59.22,1.97
Teguldet,100,RU,1581475843,93,57.31,88.17,5.5,10.47
Nyurba,87,RU,1581475843,94,63.28,118.33,-11.69,7.11
Hofn,86,IS,1581475843,57,64.25,-15.21,32.58,11.36
Lorengau,99,PG,1581475843,78,-2.02,147.27,82.27,14.5
Bira,97,RU,1581475844,83,49.0,132.47,22.21,3.58
Broken Hill,0,AU,1581475844,44,-31.95,141.43,78.8,17.22
Usinsk,100,RU,1581475844,92,65.99,57.53,20.61,24.36
Bubaque,0,GW,1581475844,64,11.28,-15.83,79.38,13.18
Domoni,50,KM,1581475844,70,-12.26,44.53,84.87,7.72
Safaga,0,EG,1581475844,57,26.73,33.94,50.0,3.36
Kuytun,100,RU,1581475844,90,54.34,101.5,3.97,4.61
Kodinar,1,IN,1581475845,43,20.79,70.7,76.26,11.07
Baruun-Urt,100,MN,1581475845,80,46.68,113.28,22.1,2.93
Calabozo,0,VE,1581475845,51,8.92,-67.43,80.08,7.36
Sao Filipe,47,CV,1581475845,65,14.9,-24.5,70.54,14.29
Clyde River,90,CA,1581475845,75,70.47,-68.59,-18.4,6.93
Nkowakowa,100,ZA,1581475845,87,-23.89,30.29,53.6,9.17
Wahpeton,74,US,1581475677,79,46.27,-96.61,28.99,14.99
Ulaangom,26,MN,1581475906,65,49.98,92.07,10.29,6.64
Fortuna,1,US,1581475779,76,40.6,-124.16,55.4,18.34
Avanuorri,75,NO,1581475906,74,71.0,24.66,33.8,32.21
Bermejo,75,AR,1581475906,61,-32.88,-68.8,78.8,3.36
Ponnampet,20,IN,1581475906,88,12.15,75.93,75.2,5.82
Mahabalipuram,40,IN,1581475907,83,12.63,80.17,81.0,3.36
Arlit,100,NE,1581475907,15,18.74,7.39,61.74,4.92
Mar del Plata,0,AR,1581475907,77,-38.0,-57.56,69.01,9.17
Mossamedes,3,AO,1581475907,82,-15.2,12.15,73.9,9.22
Sibenik,90,HR,1581475907,93,43.73,15.91,48.2,5.86
Dongsheng,2,CN,1581475908,34,39.82,109.98,39.33,14.32
Cabo San Lucas,75,MX,1581475822,67,22.89,-109.91,64.4,10.29
East Wenatchee,1,US,1581475908,45,47.42,-120.29,46.4,4.7
Kieta,4,PG,1581475908,76,-6.22,155.63,84.96,20.74
Nikolskoye,40,RU,1581475908,86,59.7,30.79,35.01,4.47
Nam Som,75,TH,1581475908,65,17.77,102.19,78.8,2.24
Banjarmasin,100,ID,1581475643,62,-3.32,114.59,87.46,2.82
Provincia di Mantova,5,IT,1581475909,65,45.17,10.78,48.99,3.36
Vila,90,PT,1581475909,100,42.03,-8.16,55.99,3.36
Kushima,75,JP,1581475909,93,31.46,131.23,53.6,5.82
Atar,0,MR,1581475909,12,20.52,-13.05,69.24,11.77
Yumen,20,CN,1581475909,26,40.28,97.2,34.56,21.43
Shenjiamen,96,CN,1581475910,95,29.96,122.3,52.03,15.05
Lixouri,5,GR,1581475910,84,38.2,20.43,52.0,4.63
Kirakira,100,SB,1581475910,68,-10.45,161.92,86.04,12.41
Nome,1,US,1581475910,64,64.5,-165.41,-0.99,3.33
Buraidah,0,SA,1581475910,43,26.33,43.98,35.6,4.7
Olafsvik,100,IS,1581475910,69,64.89,-23.71,27.59,11.36
Saint-Louis,0,SN,1581475911,8,16.33,-15.0,73.9,11.92
Ondjiva,0,AO,1581475911,67,-17.07,15.73,66.83,8.08
Waipawa,100,NZ,1581475911,56,-41.41,175.52,84.0,12.75
Lata,40,PT,1581475911,93,40.16,-8.33,55.99,3.36
'Ahuimanu,75,US,1581475911,78,21.44,-157.84,78.8,11.41
Krasnosel'kup,100,RU,1581475911,93,65.7,82.47,3.65,19.08
Kudahuvadhoo,100,MV,1581475912,74,2.67,72.89,83.03,18.25
Constitucion,0,CL,1581475912,91,-35.33,-72.42,56.32,5.39
Saskylakh,28,RU,1581475912,96,71.92,114.08,-33.11,4.9
Paita,0,PE,1581475912,74,-5.09,-81.11,76.42,10.51
Guerrero Negro,0,MX,1581475868,73,27.98,-114.06,59.5,9.17
Ulaanbaatar,40,MN,1581475912,67,47.91,106.88,23.0,4.47
Igrim,86,RU,1581475913,89,63.19,64.42,18.37,8.86
Lompoc,1,US,1581475913,76,34.64,-120.46,55.4,4.29
Asau,0,RO,1581475913,74,46.43,26.4,36.0,1.12
Port Hardy,20,CA,1581475913,80,50.7,-127.42,41.0,8.05
Arshan,95,RU,1581475913,100,46.27,44.22,19.4,13.42
Beloha,0,MG,1581475913,90,-25.17,45.05,68.14,9.33
Oksfjord,40,NO,1581475913,74,70.24,22.35,34.0,25.28
Broome,90,US,1581475914,80,42.25,-75.83,33.01,6.93
Faanui,21,PF,1581475914,80,-16.48,-151.75,81.55,14.18
Malsch,85,DE,1581475914,69,48.88,8.33,41.0,11.41
Dikson,100,RU,1581475974,89,73.51,80.55,4.03,33.17
Wanning,10,CN,1581475974,75,18.8,110.4,75.36,3.76
Kupang,75,ID,1581475974,88,-10.17,123.58,82.4,12.75
Sao Joao da Barra,100,BR,1581475916,95,-21.64,-41.05,72.34,9.69
Ossora,100,RU,1581475975,93,59.24,163.07,8.49,9.44
Assiniboia,100,CA,1581475975,96,49.63,-105.98,25.02,14.63
Praia,34,CV,1581475956,46,14.92,-23.51,71.6,14.99
Galiakot,0,IN,1581475975,42,23.52,74.0,63.18,9.42
Bethel,90,US,1581475975,93,41.37,-73.41,46.0,8.05
Tanabe,75,JP,1581475976,62,33.73,135.37,60.01,10.29
Kumul,0,CN,1581475974,75,42.8,93.45,16.86,3.96
Clarence Town,75,AU,1581475976,78,-32.58,151.78,82.0,11.41
Ashland,75,US,1581475965,74,40.82,-82.27,36.0,5.82
Poum,100,NC,1581475976,86,-20.23,164.02,82.31,21.99
Can,75,TR,1581475976,76,40.03,27.05,57.2,5.82
Flinders,75,AU,1581475941,100,-34.58,150.86,82.0,11.41
Mugur-Aksy,22,RU,1581475977,92,50.35,90.5,-5.15,5.19
Ternate,100,ID,1581475977,76,0.8,127.4,81.91,4.76
Sakakah,0,SA,1581475977,47,29.97,40.21,33.8,4.7
Alta,40,NO,1581475977,74,69.97,23.27,34.0,25.28
Chapais,90,CA,1581475978,92,49.78,-74.85,19.4,5.82
Vanino,20,RU,1581475978,75,49.09,140.25,17.91,1.88
Rio Grande,1,BR,1581475806,73,-32.03,-52.1,70.36,18.86
Muros,75,ES,1581475978,100,42.78,-9.06,55.99,2.24
Kavaratti,6,IN,1581475728,72,10.57,72.64,81.18,6.71
Montrose,1,US,1581475978,78,38.42,-108.27,32.0,5.82
Pavilosta,100,LV,1581475978,86,56.89,21.19,39.2,12.75
Oodweyne,58,SO,1581475979,80,9.41,45.06,66.67,19.1
Mabaruma,0,GY,1581475979,98,8.2,-59.78,70.9,1.1
Taoudenni,0,ML,1581475833,66,22.68,-3.98,63.81,10.83
Farafangana,54,MG,1581475979,66,-22.82,47.83,78.73,5.57
Morondava,4,MG,1581475979,92,-20.28,44.28,71.67,3.47
Hong Kong,40,HK,1581475801,100,22.29,114.16,75.0,3.36
Nouakchott,0,MR,1581475980,48,18.09,-15.98,62.6,9.17
Kattivakkam,40,IN,1581475980,83,13.22,80.32,81.0,3.36
Wala,48,CM,1581475980,58,4.58,12.32,61.29,1.9
Alcaniz,100,ES,1581475980,82,41.05,-0.13,53.01,1.99
Cayenne,75,GF,1581475980,78,4.93,-52.33,78.8,11.41
Makakilo City,75,US,1581475981,78,21.35,-158.09,78.8,11.41
Ponta Delgada,75,PT,1581475981,82,37.73,-25.67,59.0,10.63
Torrington,90,US,1581475981,93,41.8,-73.12,44.6,8.05
French Harbor,40,HN,1581475981,83,16.35,-86.43,80.6,17.22
Kutoarjo,91,ID,1581475981,69,-7.72,109.91,81.16,4.34
San Cristobal,12,VE,1581475981,58,7.77,-72.22,82.4,2.24
Dourados,100,BR,1581475982,97,-22.22,-54.81,71.58,6.85
Basco,14,PH,1581475982,74,20.45,121.97,75.96,20.78
Korla,69,CN,1581475982,80,41.76,86.15,26.01,1.01
Kapoeta,90,SS,1581475982,19,4.77,33.59,75.65,5.86
Champerico,0,GT,1581475982,77,14.3,-91.92,76.73,5.21
Porosozero,100,RU,1581475982,92,62.72,32.73,31.51,9.86
Qaqortoq,38,GL,1581475983,38,60.72,-46.03,5.0,11.41
San Ramon,5,US,1581475780,23,37.78,-121.98,66.2,3.2
Laas,40,IT,1581476043,53,46.62,10.7,24.01,8.05
Takoradze,100,GH,1581475943,93,4.88,-1.76,77.14,2.01
Vestmanna,0,FO,1581476043,74,62.16,-7.17,33.8,11.41
Grand Gaube,40,MU,1581476043,94,-20.01,57.66,80.01,11.41
Dunedin,100,NZ,1581475814,59,-45.87,170.5,73.0,1.01
Chaihe,98,CN,1581476044,82,44.77,129.7,35.4,14.32
Cherskiy,0,RU,1581476044,63,68.75,161.3,-1.89,13.33
Tessalit,95,ML,1581476044,53,20.2,1.01,67.46,21.65
Mogadouro,100,PT,1581476044,92,41.34,-6.71,45.82,1.74
Souillac,40,MU,1581476045,94,-20.52,57.52,80.01,11.41
Saldanha,0,ZA,1581475955,77,-33.01,17.94,64.4,6.93
Nioro,0,GM,1581476045,12,13.35,-15.75,73.08,5.86
Libreville,20,GA,1581475975,79,0.39,9.45,84.2,8.05
Yar-Sale,41,RU,1581475961,94,66.83,70.83,12.13,11.63
Barentu,54,ER,1581476045,74,15.11,37.59,50.04,3.02
Bukachacha,0,RU,1581476046,58,52.98,116.92,9.99,5.48
Mandawar,0,IN,1581476046,71,29.5,78.13,53.62,9.33
Otane,59,NZ,1581475804,37,-39.88,176.63,84.99,4.0
Fiumicino,99,IT,1581476046,100,41.77,12.23,52.0,3.36
Novoil'insk,85,RU,1581476047,75,51.68,108.71,6.26,6.69
Chulman,100,RU,1581476047,81,56.85,124.91,-0.47,9.91
Zadar,100,HR,1581476047,100,44.12,15.24,46.0,12.39
Hualmay,100,PE,1581476047,84,-11.1,-77.61,69.55,4.88
Aurich,40,DE,1581476047,75,53.47,7.48,41.0,19.46
Tsiroanomandidy,28,MG,1581476047,94,-18.77,46.03,66.61,1.79
Avera,90,US,1581476048,100,33.19,-82.53,69.8,4.7
Jaciara,100,BR,1581476048,96,-15.97,-54.97,71.15,1.14
Freeport,90,US,1581476014,75,40.66,-73.58,48.2,10.29
Priiskovyy,0,RU,1581476048,71,51.93,116.63,12.88,5.17
Sokoto,100,NG,1581476048,14,13.06,5.24,65.5,15.32
Hammerfest,75,NO,1581476048,74,70.66,23.68,33.8,32.21
Biak,100,ID,1581476049,68,-0.91,122.88,82.51,3.91
Kiryat Gat,75,IL,1581476049,93,31.61,34.76,53.6,10.29
Kargat,0,RU,1581476049,89,55.2,80.28,-1.98,12.24
Santa Vitoria do Palmar,5,BR,1581476049,83,-33.52,-53.37,65.34,9.71
Swellendam,0,ZA,1581476049,82,-34.02,20.44,68.0,12.75
Bandarbeyla,71,SO,1581476049,79,9.49,50.81,76.41,17.6
Koumac,100,NC,1581476050,89,-20.57,164.28,78.6,10.76
Lebanon,75,US,1581476050,80,36.21,-86.29,43.0,6.93
West Plains,1,US,1581476050,74,36.73,-91.85,39.99,5.21
Tomatlan,0,MX,1581476050,88,19.93,-105.25,66.42,1.14
Shelburne,90,CA,1581476050,74,44.08,-80.2,30.2,14.99
La Palma,1,US,1581475974,24,33.85,-118.05,66.2,4.7
Akom,91,CM,1581476050,93,2.67,12.71,65.71,3.8
Sioux Lookout,90,CA,1581476051,68,50.1,-91.92,24.8,10.29
Evensk,4,RU,1581476051,70,61.95,159.23,0.21,5.1
Khunzakh,0,RU,1581476051,43,42.54,46.7,1.81,7.25
Naantali,100,FI,1581476051,89,60.45,22.03,37.0,5.82
Omboue,86,GA,1581476051,95,-1.57,9.26,74.89,1.74
Rio Gallegos,90,AR,1581476051,77,-51.62,-69.22,59.0,4.7
Marzuq,91,YE,1581475971,55,14.4,46.47,61.0,11.72
Constantine,0,DZ,1581476112,80,36.37,6.61,39.2,2.57
Khuzdar,36,PK,1581476112,43,27.74,66.64,51.71,3.33
Kruisfontein,0,ZA,1581476112,92,-34.0,24.73,61.66,6.35
Kavieng,100,PG,1581476112,73,-2.57,150.8,84.04,15.61
Praia da Vitoria,40,PT,1581476112,93,38.73,-27.07,59.0,9.66
Opuwo,0,NA,1581476113,66,-18.06,13.84,59.49,1.21
Porto Seguro,100,BR,1581476113,83,-16.45,-39.06,80.6,6.93
Novorzhev,95,RU,1581476113,87,57.03,29.33,32.92,9.31
Magadan,0,RU,1581476113,53,59.57,150.8,2.16,2.06
Beringovskiy,100,RU,1581476113,94,63.05,179.32,5.81,12.88
Puerto Madryn,0,AR,1581476113,37,-42.77,-65.04,78.76,29.8
Sur,100,OM,1581476113,80,22.57,59.53,67.15,4.54
Southampton,100,GB,1581476114,78,50.9,-1.4,41.0,13.87
San Ramon de la Nueva Oran,100,AR,1581476114,84,-23.13,-64.33,73.99,1.99
Gizo,90,SB,1581476114,77,-8.1,156.84,82.06,11.12
Brighton,100,GB,1581475828,75,50.83,-0.14,41.0,10.29
Ahipara,0,NZ,1581476114,74,-35.17,173.17,68.09,5.08
Zyryanka,0,RU,1581476114,70,65.75,150.85,-12.46,5.21
Nishihara,20,JP,1581476115,60,26.18,127.76,75.2,21.92
Soe,100,ID,1581476115,63,-9.86,124.28,84.78,4.7
Bonthe,63,SL,1581476115,83,7.53,-12.51,78.66,5.01
Kargasok,91,RU,1581476115,93,59.06,80.86,0.99,9.91
Tazovsky,100,RU,1581476115,93,67.47,78.7,5.52,12.5
Kopavogur,75,IS,1581476116,79,64.11,-21.91,23.0,6.93
Woodward,90,US,1581476116,69,36.43,-99.39,36.0,3.36
Padang,100,ID,1581476097,72,-0.95,100.35,80.17,3.18
Palmas Bellas,20,PA,1581476116,83,9.23,-80.09,80.6,6.93
Nucsoara,84,RO,1581476116,65,45.33,24.78,43.0,3.76
Pangnirtung,100,CA,1581475953,77,66.15,-65.71,-23.19,2.01
Dekar,27,BW,1581476116,86,-21.53,21.93,67.53,9.13
Mount Gambier,90,AU,1581476117,77,-37.83,140.77,68.0,19.46
Porto-Novo,20,BJ,1581476117,78,6.5,2.6,80.6,3.36
Fort Nelson,90,CA,1581476117,78,58.81,-122.7,10.4,6.93
Sorocaba,53,BR,1581476117,77,-23.5,-47.46,66.99,17.22
Adrar,47,MR,1581475945,42,20.5,-10.07,70.29,14.74
Ilo,100,PE,1581475976,88,-17.64,-71.34,70.88,2.93
Coyhaique,100,CL,1581476117,77,-45.58,-72.07,59.0,4.7
Touros,20,BR,1581476118,83,-5.2,-35.46,77.0,3.36
Udachny,40,RU,1581476118,75,66.42,112.4,-20.2,6.71
City of San Pedro,20,PH,1581476118,54,14.35,121.02,86.0,14.99
Nalut,15,LY,1581476118,29,30.33,10.85,47.77,2.75
Aitape,100,PG,1581476118,74,-3.14,142.35,82.35,10.54
Upata,0,VE,1581476118,79,8.01,-62.4,71.08,5.46
Alakurtti,100,RU,1581476119,91,66.97,30.35,28.0,4.0
Malatya,90,TR,1581476119,73,38.5,38.0,24.8,0.72
Ballina,100,AU,1581476119,100,-28.87,153.57,75.2,6.93
Yambio,100,SS,1581476119,24,4.57,28.4,61.5,5.28
Coffs Harbour,75,AU,1581476119,94,-30.3,153.13,78.8,8.05
Hvide Sande,100,DK,1581476119,75,56.0,8.13,41.0,18.34
Sidi Ben Nour,0,TN,1581476120,76,35.53,10.92,59.0,8.57
Kibala,34,TD,1581476180,24,9.11,18.35,71.6,4.5
Itarema,100,BR,1581476180,94,-2.92,-39.92,75.04,2.24
Clonakilty,20,IE,1581476180,65,51.62,-8.87,34.0,8.05
Bonavista,100,CA,1581476180,88,48.65,-53.11,28.0,4.0
Srednekolymsk,11,RU,1581476180,46,67.45,153.68,-16.98,1.14
Yangi Marg`ilon,90,UZ,1581476181,93,40.43,71.72,41.0,2.24
Puerto El Triunfo,20,SV,1581476181,78,13.28,-88.55,82.4,2.24
Razole,63,IN,1581476181,65,16.48,81.83,78.15,5.64
Amga,100,RU,1581476181,94,60.9,131.96,-0.85,1.14
Lively,90,CA,1581476181,85,46.43,-81.15,24.8,11.41
Mashhad,40,IR,1581476001,74,36.3,59.61,30.2,11.41
Sechura,0,PE,1581476182,86,-5.56,-80.82,73.98,11.07
Muroto,90,JP,1581476182,58,33.28,134.15,57.2,5.82
Orlik,84,RU,1581476182,94,52.52,99.83,-6.27,0.69
Pauini,100,BR,1581476182,94,-7.71,-66.98,73.81,1.43
Shingu,75,JP,1581476182,62,33.73,135.98,55.4,10.29
Rio Cuarto,40,AR,1581476182,72,-33.13,-64.35,68.0,14.99
Gorodovikovsk,100,RU,1581476183,82,46.09,41.93,26.53,15.82
Xichang,0,CN,1581476183,26,27.9,102.26,68.0,6.26
Barra dos Coqueiros,20,BR,1581476183,69,-10.91,-37.04,82.4,12.75
Safi,0,MA,1581476183,75,32.3,-9.24,51.12,1.43
Zdvinsk,0,RU,1581476183,87,54.7,78.66,-1.32,11.68
Chunskiy,100,RU,1581476183,90,56.08,99.63,9.99,8.39
Leshukonskoye,100,RU,1581476183,89,64.9,45.76,27.97,12.64
Leninskoye,98,RU,1581475942,91,47.94,132.62,21.56,4.54
Grand Island,1,US,1581476122,55,40.92,-98.34,35.6,12.75
Mersa Matruh,57,EG,1581476184,81,31.35,27.25,48.2,14.54
Ancud,90,CL,1581476184,100,-41.87,-73.82,60.8,11.41
Mbandaka,84,CD,1581476184,77,0.05,18.26,73.54,2.28
Sivaki,100,RU,1581476185,90,52.63,126.75,9.73,5.17
Kropotkin,99,RU,1581476185,73,45.44,40.58,30.07,5.61
Ibra,100,OM,1581476185,80,22.69,58.53,64.67,6.02
Deputatsky,100,RU,1581475955,81,69.3,139.9,-10.41,1.25
Lewiston,90,US,1581476185,100,44.1,-70.21,35.6,5.82
Itagi,96,BR,1581476185,94,-14.16,-40.01,72.7,2.35
Matagami,20,CA,1581476186,100,49.75,-77.63,6.8,4.7
West Bay,20,KY,1581476186,83,19.37,-81.42,80.6,9.17
Umea,75,SE,1581476186,100,63.83,20.26,23.0,3.36
Kunshan,75,CN,1581476186,87,31.38,120.95,71.01,6.71
Whitehorse,75,CA,1581475941,71,60.72,-135.05,8.6,3.36
Shakawe,25,BW,1581476187,94,-18.37,21.85,66.18,3.04
Bereznik,100,RU,1581476187,91,62.86,42.71,29.1,8.57
Uyuni,55,BO,1581476187,47,-20.46,-66.83,59.16,14.67
Lenger,90,KZ,1581476117,100,42.18,69.88,33.8,4.47
Aklavik,75,CA,1581476187,75,68.22,-135.01,-18.4,8.05
Vanimo,100,PG,1581476187,74,-2.67,141.3,82.35,9.19
Carbonia,40,IT,1581475949,67,39.17,8.52,57.2,11.41
Caravelas,100,BR,1581476045,86,-17.71,-39.25,80.64,14.2
Chanika,23,TZ,1581476188,97,-5.42,38.02,69.08,0.18
Nosy Varika,0,MG,1581476188,84,-20.58,48.53,71.55,7.81
Camacha,75,PT,1581476188,87,33.08,-16.33,62.6,2.24
Karratha,8,AU,1581476248,71,-20.74,116.85,80.98,10.76
Nurota,75,UZ,1581476249,100,40.56,65.69,37.4,2.24
Pailon,40,BO,1581476249,94,-17.65,-62.75,73.4,3.36
Fukuecho,75,JP,1581476249,100,32.69,128.84,59.0,19.46
Graham,90,US,1581476249,87,47.05,-122.29,46.99,4.7
Torbay,90,CA,1581475950,85,47.67,-52.73,28.0,5.82
Rach Gia,40,VN,1581476249,74,10.02,105.08,84.2,14.99
Malakal,92,SS,1581476249,13,9.53,31.66,66.16,9.06
Mayo,90,US,1581476022,69,38.89,-76.51,51.8,11.88
Chumikan,100,RU,1581476250,88,54.72,135.31,8.6,2.17
Richards Bay,95,ZA,1581476250,66,-28.78,32.04,75.51,14.25
Iqaluit,20,CA,1581476250,60,63.75,-68.51,-27.0,17.22
Ixtapa,75,MX,1581476250,73,20.7,-105.2,75.2,2.59
Progreso,5,MX,1581476250,51,21.28,-89.67,84.2,14.99
Mizdah,18,LY,1581476250,28,31.45,12.98,49.84,7.81
Emba,100,KZ,1581476251,99,48.83,58.14,7.11,2.15
Hecun,0,CN,1581476251,29,36.53,114.11,54.61,3.38
Colac,87,AU,1581476251,99,-38.33,143.58,70.0,5.99
Salekhard,0,RU,1581476251,88,66.53,66.6,12.04,9.82
Podosinovets,100,RU,1581476251,90,60.28,47.07,28.0,13.2
Severodvinsk,90,RU,1581476251,86,64.56,39.83,35.6,8.95
Karpogory,100,RU,1581476252,91,64.0,44.45,27.57,10.98
Antofagasta,20,CL,1581476212,77,-23.65,-70.4,68.0,6.93
Manuk Mangkaw,10,PH,1581476252,72,4.8,119.85,82.67,7.27
Bumba,0,CD,1581476252,49,2.18,22.47,67.19,0.54
San Jose,5,US,1581476252,23,37.34,-121.89,66.2,0.85
Saint Anthony,1,US,1581476252,79,45.02,-93.22,24.8,4.7
Grand Forks,1,US,1581476252,85,47.93,-97.03,28.4,19.46
Vaitape,21,PF,1581476253,80,-16.52,-151.75,81.55,14.18
Madarounfa,69,NE,1581476253,19,13.31,7.16,61.65,13.78
Salalah,75,OM,1581476253,69,17.02,54.09,75.2,3.36
Corn Island,31,NI,1581476253,76,12.17,-83.04,81.46,21.61
Frome,97,GB,1581476253,80,51.23,-2.32,39.99,14.99
Escanaba,1,US,1581476253,85,45.75,-87.06,23.0,12.75
Wani,0,IN,1581476253,42,20.07,78.95,70.84,4.99
Te Anau,100,NZ,1581476254,48,-45.42,167.72,66.18,7.36
Olinda,40,BR,1581476254,74,-8.01,-34.86,82.4,9.17
Vila Franca do Campo,75,PT,1581476254,82,37.72,-25.43,59.0,10.63
Huayang,0,CN,1581476254,40,34.42,109.99,53.85,2.93
Maningrida,100,AU,1581476254,70,-12.07,134.27,87.44,9.26
Helong,9,CN,1581476254,57,42.54,129.0,39.9,5.06
Benguela,32,AO,1581476254,74,-12.58,13.41,79.07,3.62
Catuday,0,PH,1581476255,66,16.29,119.81,77.14,18.77
Benidorm,90,ES,1581476255,93,38.54,-0.13,57.99,3.36
Magdagachi,100,RU,1581476255,94,53.45,125.8,8.28,3.98
Jalu,0,LY,1581476255,49,29.03,21.55,54.91,6.17
Beruwala,0,LK,1581476255,72,6.48,79.98,79.7,2.73
Jizan,40,SA,1581476255,69,17.33,42.67,75.2,3.36
El Cobre,20,CU,1581476255,78,20.05,-75.95,77.0,4.7
Ciudad Lazaro Cardenas,56,MX,1581476256,79,17.96,-102.2,72.59,0.87
Samarai,48,PG,1581476256,78,-10.62,150.67,84.67,5.61
West Wendover,1,US,1581476316,51,40.74,-114.07,35.6,4.14
Siirt,99,TR,1581476316,63,37.93,41.94,20.73,4.36
Slave Lake,90,CA,1581476316,71,55.28,-114.77,6.8,3.36
Tahe,99,CN,1581476317,86,52.33,124.73,13.32,4.32
Bay Roberts,90,CA,1581476317,85,47.6,-53.26,28.0,5.82
Nagato,75,JP,1581476317,87,34.38,131.2,51.8,21.92
Miles City,90,US,1581476317,74,46.41,-105.84,35.01,11.41
Burns Lake,97,CA,1581476317,99,54.23,-125.75,26.98,2.19
East Greenwich,90,US,1581476317,87,41.66,-71.46,42.8,5.82
Sabang,76,ID,1581476317,81,5.89,95.32,81.99,18.86
Antalaha,0,MG,1581476318,74,-14.9,50.28,77.99,11.25
Ucluelet,76,CA,1581476318,87,48.93,-125.55,45.0,1.01
Gao,100,ML,1581476318,9,16.64,1.64,71.42,14.72
Kasane,3,BW,1581476318,97,-17.82,25.15,63.75,5.61
Ratnagiri,0,IN,1581476318,54,16.98,73.3,77.18,7.56
Agua Verde,90,MX,1581476318,88,22.9,-106.05,71.01,13.87
Danielskuil,0,ZA,1581476182,59,-28.19,23.54,63.68,11.41
Margate,67,GB,1581476319,74,51.38,1.39,41.0,16.11
